Month,Purchase_Name,Purchase_Category,Unit_Price,Purchase_Quantity,Amt_Spent
May-01,Tilapia Fillet,Seafood,405,1 pack,405.00
May-01,Bangus Belly,Seafood,360,1 pack,360.00
May-01,Pork Kasim,Pork,422,1.218 kg,514.00
May-01,Chicken Breast,Poultry,255,1.116 kg,284.58
May-01,Chicken Breast Fillet,Poultry,395,1.244 kg,491.38
May-01,Chicken Leg Quarter,Poultry,255,1.112 kg,283.56
May-01,Ground Pork,Pork,232.76,0.506 kg,232.76
May-01,Ground Pork,Pork,246.56,0.536 kg,246.56
May-01,Ground Pork,Pork,244.72,0.532 kg,244.72
May-01,Thinly Sliced US Beef,Beef,270,1 pack,270.00
May-01,Soft Tofu,Vegetable,90,1 pack,90.00
May-01,Coconut Milk,Grocery,62,1 pack,62.00
May-01,Coconut Milk,Grocery,62,1 pack,62.00
May-01,Spinach Dip,Grocery,264,1 bottle,264.00
May-01,Carrots,Vegetable,71.76,0.378 kg,71.76
May-01,Siomai Wrapper,Grocery,35,1 pack,35.00
May-01,Siomai Wrapper,Grocery,35,1 pack,35.00
May-01,Siomai Wrapper,Grocery,35,1 pack,35.00
May-01,Enoki Mushroom,Vegetable,88,1 pack,88.00
May-01,Enoki Mushroom,Vegetable,88,1 pack,88.00
May-01,Enoki Mushroom,Vegetable,88,1 pack,88.00
May-01,Fresh Mixed Mushroom,Vegetable,130,1 pack,130.00
May-02,Chicken Wings,Poultry,255,2.044 kg,521.22
May-02,Chicken Thigh,Poultry,255,2.08 kg,530.40
May-02,Bangus Belly,Seafood,360,2 packs,720.00
May-02,Pork Kasim,Pork,422,2.148 kg,906.46
May-02,Tilapia Fillet,Seafood,405,1 pack,405.00
June,Chicken Thigh,Poultry, 265, 1.108 kg,293.62
June,Chicken Breast,Poultry, 255, 1.948 kg, 496.74
June,Pork Kasim,Pork, 422, 1.048 kg, 442.26
June,Ground Pork,Pork, 463, 1 pack, 463
June,Shrimp,Seafood, 495, 1 pack, 495
June,Bangus Belly,Seafood,360, 1 pack, 360
June,Bangus Belly,Seafood, 360, 1 pack, 360
June,Tilapia Fillet,Seafood,0.474 kg, 1 pack, 255.96
June,Tilapia Fillet,Seafood, 0.466 kg, 1 pack, 251.64
June,Butter,Grocery, 172, 1 bar, 172
June,Butter,Grocery, 172, 1 bar, 172
June,Flour,Grocery, 49.95, 1 pack, 49.95
June,Flour,Grocery, 49.95, 1 pack, 49.95
June,Sugar,Grocery, 106, 1 pack, 106
June,Tomato,Vegetable, 0.276 kg, 1 pack, 34.50
June,Eggs,Dairy, 300, 1 tray, 300
July,Shrimp,Seafood, 845, 1 pack, 845
July,Bangus Belly,Seafood, 360, 1 pack, 360
July,Bangus Belly,Seafood, 360, 1 pack, 360
July,Bangus,Seafood, 345, 1 pack, 345
July,Pork Kasim,Pork, 422, 1.044 kg, 440.57
July,Pork Kasim,Pork, 422, 1.122 kg, 473.48
July,Chicken Thigh,Poultry, 265, 1.046 kg, 277.19
July,Liempo,Pork, 324.88, 0.574 kg, 324.88
July,Chicken Breast,Poultry, 255, 1.518 kg, 387.09
July,Cream Dory,Seafood,299,2 packs,598.00
July,Ground Pork,Pork,463,1.016kg,470.41
July,Ground Beef,Beef,291.54,0.548kg,291.54
July,Porkchop,Pork,422,1.076kg,454.07
July,Liempo,Pork,566,1.676kg,948.62
July,Bangus,Seafood,360,1 pack,360
July,Bangus,Seafood,360,1 pack,360
July,Bangus,Seafood,360,1 pack,360
July,Bangus,Seafood,360,1 pack,360
July,Tilapia Fillet,Seafood,277.56,0.514kg,277.56
July,Tilapia Fillet,Seafood,277.56,0.496kg,267.84
July,Eggs,Dairy,300,1 tray,300
August,Bangus,Seafood,360,1 pack,360
August,Bangus Steak,Seafood,185,1pack,185
August,Bangus Steak,Seafood,185,1pack,185
August,Porkchop,Pork,422,1.044kg,440.57
August,Chicken Breast Fillet,Poultry,349.18,0.884kg,349.18
August,Chicken Leg Quarter,Poultry,255,1.092kg,278.46
August,Ground Pork,Pork,463,1.014kg,469.48
August,Ground Beef,Beef,173.60,0.286kg,173.60
August,Cream Dory,Seafood,299,2 packs, 598
August,Taiwan Pechay,Vegetable,99.96,0.435kg,99.96
September-01,Bangus Unseasoned,Seafood,345,1pack,345
September-01,Tuna Belly,Seafood,452.43,1pack,452.43
September-01,FishCake,Seafood,52,1 pc,52.00
September-01,Firm Tofu,Vegetable,90,1 pc,90
September-01,Firm Tofu,Vegetable,90,1 pc,90
September-01,Chicken Thigh,Poultry,265,1.074kg,284.61
September-01,Chicken Leg Quarter,Poultry,255,1.164kg,296.82
September-01,Bangus Belly,Seafood,185,1 pack,185.00
September-01,Kasim,Pork,422,1.25kg,527.50
September-01,Porkchop,Pork,422,1.048kg,442.26
September-02,Egg,Dairy,385.00,1 tray,385.00
September-02,Tuna Belly,Seafood,483.12,1 pack,483.12
September-02,Bangus Belly,Seafood,185,1 pack,185.00
September-02,Bangus Belly,Seafood,185,1 pack,185.00
September-02,Cream Dory,Seafood,299,1 pack,299.00
September-02,Vegetable,Broccoli,179.10,0.398kg,179.10
September-02,Vegetable,Carrots,181.62,0.584kg,181.62
September-02,Vegetable,Enoki,88,2 packs,176.00
September-02,Vegetable,Garlic,53.97,0.210kg,53.97
September-02,Vegetable,Potato,81.78,0.317kg,81.78
September-02,Vegetable,Potato,149.06,0.578kg,149.06
September-02,Vegetable,White Onion,83.44,0.303kg, 83.44
September-02,Vegetable,Enoki,88,1 pack,88.00
September-02,Vegetable,Sayote,120.28,0.925kg,120.28
September-02,Vegetable,Soft Tofu,90,1 pc,90
September-02,Grocery,Knorr Soup,62,3 packs,186.00
September-02,Vegetable,Kangkong,54.34,0.273kg,54.34
September-02,Vegetable,Japanese Tofu,68,1 pc,68.00
September-02,Grocery,Chicken Oil,165,1 bottle, 165.00
September-02,Grocery,Oyster Sauce,132,1 bottle,132.00
September-02,Grocery,Knorr Seasoning,115,1 bottle,115.00
September-02,Poultry,Chicken Breast,255,2.036kg,519.18
September-02,Pork,Porkchop,520,1.082kg,562.64
September-02,Poultry,Chicken Leg Quarter,255,2.128kg,542.64



,,,,,
,,,,,
,,,,,
,,,,,
,,,,,
,,,,,
,,,,,
,,,,,
,,,,,
,,,,,
,,,,,
,,,,,
,,,,,
,,,,,
,,,,,
,,,,,
,,,,,
,,,,,
,,,,,
,,,,,
,,,,,
,,,,,
,,,,,
,,,,,
